{
  "name": "angular-ui-router",
  "version": "0.2.12",
  "main": "./release/angular-ui-router.js",
  "dependencies": {
    "angular": ">= 1.0.8"
  },
  "ignore": [
    "**/.*",
    "node_modules",
    "bower_components",
    "component.json",
    "package.json",
    "lib",
    "config",
    "sample",
    "test",
    "tests",
    "ngdoc_assets",
    "Gruntfile.js",
    "files.js"
  ],
  "homepage": "https://github.com/angular-ui/angular-ui-router-bower",
  "_release": "0.2.12",
  "_resolution": {
    "type": "version",
    "tag": "0.2.12",
    "commit": "56c927887a82f355be9e3eabefbe990ef3ffa752"
  },
  "_source": "https://github.com/angular-ui/angular-ui-router-bower.git",
  "_target": "0.2.12",
  "_originalSource": "angular-ui-router"
}